{
  "bear": {
    "enterprise_value": 43421969158,
    "equity_value": 36689969158,
    "per_share_value": 86.92,
    "terminal_pct_of_value": 76.0,
    "implied_ev_ebitda": 10.5,
    "wacc": 0.09659999999999999,
    "terminal_growth": 0.03,
    "projection_years": 5
  },
  "base": {
    "enterprise_value": 63020639605,
    "equity_value": 56288639605,
    "per_share_value": 133.35,
    "terminal_pct_of_value": 81.4,
    "implied_ev_ebitda": 14.6,
    "wacc": 0.0866,
    "terminal_growth": 0.03,
    "projection_years": 5
  },
  "bull": {
    "enterprise_value": 85523462586,
    "equity_value": 78791462586,
    "per_share_value": 186.65,
    "terminal_pct_of_value": 85.0,
    "implied_ev_ebitda": 19.1,
    "wacc": 0.08159999999999999,
    "terminal_growth": 0.03,
    "projection_years": 5
  },
  "iv_conservative": 86.92,
  "iv_base": 133.35,
  "iv_bull": 186.65,
  "currency": "USD",
  "current_price": 117.94,
  "mos_at_analysis": -35.7,
  "model_date": "2026-04-04",
  "discount_method": "capm",
  "capex_mode": "maintenance",
  "growth_schedule": [
    0.0569,
    0.0569,
    0.0569,
    0.0434,
    0.03
  ],
  "wacc_derivation": {
    "wacc": 0.0866,
    "cost_of_equity": 0.0986,
    "cost_of_debt_pretax": 0.024,
    "cost_of_debt_aftertax": 0.0191,
    "effective_tax_rate": 0.2036,
    "beta": 0.974,
    "risk_free_rate": 0.045,
    "market_risk_premium": 0.055,
    "equity_weight": 0.8491,
    "debt_weight": 0.1509,
    "warnings": []
  },
  "owner_earnings": {
    "method": "da_proxy",
    "maintenance_capex": 487000000,
    "growth_capex": 134000000,
    "owner_earnings_adjusted": 2673000000,
    "maintenance_pct_of_total": 0.78
  },
  "ticker": "ZTS",
  "model": "dcf_exit_multiple",
  "sensitivity": {
    "row_param": "Revenue Growth",
    "col_param": "WACC",
    "row_values": [
      0.0169,
      0.0369,
      0.0569,
      0.0769,
      0.0969
    ],
    "col_values": [
      0.0666,
      0.0766,
      0.0866,
      0.0966,
      0.1066
    ],
    "grid": [
      [
        126.22,
        120.26,
        114.62,
        109.28,
        104.2
      ],
      [
        138.6,
        132.09,
        125.92,
        120.07,
        114.52
      ],
      [
        151.94,
        144.82,
        138.08,
        131.69,
        125.63
      ],
      [
        166.29,
        158.52,
        151.16,
        144.18,
        137.57
      ],
      [
        181.7,
        173.22,
        165.2,
        157.6,
        150.4
      ]
    ],
    "base_row_idx": 2,
    "base_col_idx": 2
  },
  "monte_carlo": {
    "percentiles": {
      "P5": 106.6,
      "P10": 112.92,
      "P25": 123.84,
      "P50": 137.81,
      "P75": 152.84,
      "P90": 167.04,
      "P95": 176.13
    },
    "mean": 139.03,
    "median": 137.8,
    "std": 21.1,
    "prob_above_price": 0.8353,
    "n_simulations": 10000
  }
}
