{
  "bear": {
    "enterprise_value": 55583304566,
    "equity_value": 48183304566,
    "per_share_value": 91.48,
    "terminal_pct_of_value": 77.1,
    "implied_ev_ebitda": 9.2,
    "wacc": 0.11009999999999999,
    "terminal_growth": 0.03,
    "projection_years": 5
  },
  "base": {
    "enterprise_value": 85521788860,
    "equity_value": 78121788860,
    "per_share_value": 148.32,
    "terminal_pct_of_value": 82.7,
    "implied_ev_ebitda": 13.4,
    "wacc": 0.1001,
    "terminal_growth": 0.03,
    "projection_years": 5
  },
  "bull": {
    "enterprise_value": 120202608208,
    "equity_value": 112802608208,
    "per_share_value": 214.17,
    "terminal_pct_of_value": 86.2,
    "implied_ev_ebitda": 18.0,
    "wacc": 0.09509999999999999,
    "terminal_growth": 0.03,
    "projection_years": 5
  },
  "iv_conservative": 91.48,
  "iv_base": 148.32,
  "iv_bull": 214.17,
  "currency": "USD",
  "current_price": 150.96,
  "mos_at_analysis": -65.0,
  "model_date": "2026-03-22",
  "discount_method": "capm",
  "capex_mode": "maintenance",
  "growth_schedule": [
    0.0522,
    0.0522,
    0.0522,
    0.0411,
    0.03
  ],
  "wacc_derivation": {
    "wacc": 0.1001,
    "cost_of_equity": 0.1071,
    "cost_of_debt_pretax": 0.0751,
    "cost_of_debt_aftertax": 0.0556,
    "effective_tax_rate": 0.2595,
    "beta": 1.13,
    "risk_free_rate": 0.045,
    "market_risk_premium": 0.055,
    "equity_weight": 0.8632,
    "debt_weight": 0.1368,
    "warnings": []
  },
  "owner_earnings": {
    "method": "da_proxy",
    "maintenance_capex": 910000000,
    "growth_capex": 0,
    "owner_earnings_adjusted": 3590000000,
    "maintenance_pct_of_total": 1.0
  },
  "ticker": "MMM",
  "model": "dcf_exit_multiple",
  "sensitivity": {
    "row_param": "Revenue Growth",
    "col_param": "WACC",
    "row_values": [
      0.0122,
      0.0322,
      0.0522,
      0.0722,
      0.0922
    ],
    "col_values": [
      0.0801,
      0.0901,
      0.1001,
      0.1101,
      0.1201
    ],
    "grid": [
      [
        139.55,
        133.17,
        127.13,
        121.39,
        115.96
      ],
      [
        152.99,
        146.01,
        139.39,
        133.11,
        127.16
      ],
      [
        167.46,
        159.83,
        152.6,
        145.74,
        139.23
      ],
      [
        183.04,
        174.71,
        166.81,
        159.33,
        152.22
      ],
      [
        199.79,
        190.7,
        182.09,
        173.93,
        166.18
      ]
    ],
    "base_row_idx": 2,
    "base_col_idx": 2
  },
  "monte_carlo": {
    "percentiles": {
      "P5": 114.62,
      "P10": 121.87,
      "P25": 135.14,
      "P50": 151.45,
      "P75": 169.67,
      "P90": 187.09,
      "P95": 197.71
    },
    "mean": 153.25,
    "median": 151.45,
    "std": 25.32,
    "prob_above_price": 0.5066,
    "n_simulations": 10000
  }
}
