{
  "bear": {
    "enterprise_value": 85369559787,
    "equity_value": 71569559787,
    "per_share_value": 101.22,
    "terminal_pct_of_value": 77.0,
    "implied_ev_ebitda": 11.4,
    "wacc": 0.09659999999999999,
    "terminal_growth": 0.03,
    "projection_years": 5
  },
  "base": {
    "enterprise_value": 128749128018,
    "equity_value": 114949128018,
    "per_share_value": 162.56,
    "terminal_pct_of_value": 82.1,
    "implied_ev_ebitda": 16.4,
    "wacc": 0.0866,
    "terminal_growth": 0.03,
    "projection_years": 5
  },
  "bull": {
    "enterprise_value": 178433258119,
    "equity_value": 164633258119,
    "per_share_value": 232.83,
    "terminal_pct_of_value": 85.4,
    "implied_ev_ebitda": 21.8,
    "wacc": 0.08159999999999999,
    "terminal_growth": 0.03,
    "projection_years": 5
  },
  "iv_conservative": 101.22,
  "iv_base": 162.56,
  "iv_bull": 232.83,
  "currency": "USD",
  "current_price": 187.32,
  "mos_at_analysis": -85.1,
  "model_date": "2026-03-22",
  "discount_method": "capm",
  "capex_mode": "maintenance",
  "growth_schedule": [
    0.1092,
    0.1092,
    0.1092,
    0.0696,
    0.03
  ],
  "wacc_derivation": {
    "wacc": 0.0866,
    "cost_of_equity": 0.0978,
    "cost_of_debt_pretax": 0.0135,
    "cost_of_debt_aftertax": 0.0115,
    "effective_tax_rate": 0.1427,
    "beta": 0.96,
    "risk_free_rate": 0.045,
    "market_risk_premium": 0.055,
    "equity_weight": 0.8706,
    "debt_weight": 0.1294,
    "warnings": []
  },
  "owner_earnings": {
    "method": "da_proxy",
    "maintenance_capex": 1200000000,
    "growth_capex": 0,
    "owner_earnings_adjusted": 4800000000,
    "maintenance_pct_of_total": 1.0
  },
  "ticker": "DHR",
  "model": "dcf_exit_multiple",
  "sensitivity": {
    "row_param": "Revenue Growth",
    "col_param": "WACC",
    "row_values": [
      0.0692,
      0.0892,
      0.1092,
      0.1292,
      0.1492
    ],
    "col_values": [
      0.0666,
      0.0766,
      0.0866,
      0.0966,
      0.1066
    ],
    "grid": [
      [
        165.31,
        157.47,
        150.04,
        143.0,
        136.33
      ],
      [
        181.21,
        172.66,
        164.55,
        156.87,
        149.59
      ],
      [
        198.28,
        188.95,
        180.12,
        171.75,
        163.82
      ],
      [
        216.58,
        206.42,
        196.81,
        187.7,
        179.07
      ],
      [
        236.17,
        225.13,
        214.68,
        204.78,
        195.4
      ]
    ],
    "base_row_idx": 2,
    "base_col_idx": 2
  },
  "monte_carlo": {
    "percentiles": {
      "P5": 136.52,
      "P10": 145.18,
      "P25": 160.91,
      "P50": 179.92,
      "P75": 200.2,
      "P90": 219.73,
      "P95": 232.39
    },
    "mean": 181.5,
    "median": 179.91,
    "std": 29.13,
    "prob_above_price": 0.402,
    "n_simulations": 10000
  }
}
