{
  "bear": {
    "enterprise_value": 68391089498,
    "equity_value": 41191089498,
    "per_share_value": 729.05,
    "terminal_pct_of_value": 78.6,
    "implied_ev_ebitda": 13.5,
    "wacc": 0.08929999999999999,
    "terminal_growth": 0.03,
    "projection_years": 5
  },
  "base": {
    "enterprise_value": 98392839366,
    "equity_value": 71192839366,
    "per_share_value": 1260.05,
    "terminal_pct_of_value": 83.3,
    "implied_ev_ebitda": 18.7,
    "wacc": 0.0793,
    "terminal_growth": 0.03,
    "projection_years": 5
  },
  "bull": {
    "enterprise_value": 132402215112,
    "equity_value": 105202215112,
    "per_share_value": 1861.99,
    "terminal_pct_of_value": 86.4,
    "implied_ev_ebitda": 24.3,
    "wacc": 0.07429999999999999,
    "terminal_growth": 0.03,
    "projection_years": 5
  },
  "iv_conservative": 729.05,
  "iv_base": 1260.05,
  "iv_bull": 1861.99,
  "currency": "USD",
  "current_price": 1214.66,
  "mos_at_analysis": -66.6,
  "model_date": "2026-03-22",
  "discount_method": "capm",
  "capex_mode": "maintenance",
  "growth_schedule": [
    0.1606,
    0.1606,
    0.1606,
    0.0953,
    0.03
  ],
  "wacc_derivation": {
    "wacc": 0.0793,
    "cost_of_equity": 0.0956,
    "cost_of_debt_pretax": 0.0533,
    "cost_of_debt_aftertax": 0.0419,
    "effective_tax_rate": 0.2135,
    "beta": 0.92,
    "risk_free_rate": 0.045,
    "market_risk_premium": 0.055,
    "equity_weight": 0.6957,
    "debt_weight": 0.3043,
    "warnings": []
  },
  "owner_earnings": {
    "method": "da_proxy",
    "maintenance_capex": 222000000,
    "growth_capex": 0,
    "owner_earnings_adjusted": 2245000000,
    "maintenance_pct_of_total": 1.0
  },
  "ticker": "TDG",
  "model": "dcf_exit_multiple",
  "sensitivity": {
    "row_param": "Revenue Growth",
    "col_param": "WACC",
    "row_values": [
      0.1206,
      0.1406,
      0.1606,
      0.1806,
      0.2006
    ],
    "col_values": [
      0.0593,
      0.0693,
      0.0793,
      0.0893,
      0.0993
    ],
    "grid": [
      [
        1404.03,
        1322.46,
        1245.25,
        1172.13,
        1102.84
      ],
      [
        1559.77,
        1471.1,
        1387.17,
        1307.69,
        1232.39
      ],
      [
        1726.41,
        1630.14,
        1539.02,
        1452.74,
        1371.0
      ],
      [
        1904.54,
        1800.14,
        1701.33,
        1607.77,
        1519.14
      ],
      [
        2094.74,
        1981.65,
        1874.63,
        1773.3,
        1677.32
      ]
    ],
    "base_row_idx": 2,
    "base_col_idx": 2
  },
  "monte_carlo": {
    "percentiles": {
      "P5": 1125.26,
      "P10": 1199.92,
      "P25": 1345.06,
      "P50": 1523.96,
      "P75": 1718.99,
      "P90": 1905.09,
      "P95": 2016.97
    },
    "mean": 1541.08,
    "median": 1523.93,
    "std": 271.22,
    "prob_above_price": 0.8898,
    "n_simulations": 10000
  }
}
