{
  "bear": {
    "enterprise_value": 1737309553182,
    "equity_value": 1721509553182,
    "per_share_value": 318.8,
    "terminal_pct_of_value": 82.6,
    "implied_ev_ebitda": 10.6,
    "wacc": 0.11449999999999999,
    "terminal_growth": 0.03,
    "projection_years": 5
  },
  "base": {
    "enterprise_value": 2595943471012,
    "equity_value": 2580143471012,
    "per_share_value": 477.8,
    "terminal_pct_of_value": 86.4,
    "implied_ev_ebitda": 15.2,
    "wacc": 0.1045,
    "terminal_growth": 0.03,
    "projection_years": 5
  },
  "bull": {
    "enterprise_value": 3576649808977,
    "equity_value": 3560849808977,
    "per_share_value": 659.42,
    "terminal_pct_of_value": 88.9,
    "implied_ev_ebitda": 20.2,
    "wacc": 0.09949999999999999,
    "terminal_growth": 0.03,
    "projection_years": 5
  },
  "iv_conservative": 318.8,
  "iv_base": 477.8,
  "iv_bull": 659.42,
  "currency": "USD",
  "current_price": 301.46,
  "mos_at_analysis": 5.4,
  "model_date": "2026-03-22",
  "discount_method": "capm",
  "capex_mode": "maintenance",
  "growth_schedule": [
    0.1366,
    0.1366,
    0.1366,
    0.0833,
    0.03
  ],
  "wacc_derivation": {
    "wacc": 0.1045,
    "cost_of_equity": 0.1061,
    "cost_of_debt_pretax": 0.0124,
    "cost_of_debt_aftertax": 0.0098,
    "effective_tax_rate": 0.2082,
    "beta": 1.11,
    "risk_free_rate": 0.045,
    "market_risk_premium": 0.055,
    "equity_weight": 0.9838,
    "debt_weight": 0.0162,
    "warnings": []
  },
  "owner_earnings": {
    "method": "da_proxy",
    "maintenance_capex": 21100000000,
    "growth_capex": 70300000000,
    "owner_earnings_adjusted": 132200000000,
    "maintenance_pct_of_total": 0.23
  },
  "ticker": "GOOG",
  "model": "dcf_exit_multiple",
  "sensitivity": {
    "row_param": "Revenue Growth",
    "col_param": "WACC",
    "row_values": [
      0.0966,
      0.1166,
      0.1366,
      0.1566,
      0.1766
    ],
    "col_values": [
      0.0845,
      0.0945,
      0.1045,
      0.1145,
      0.1245
    ],
    "grid": [
      [
        502.57,
        481.04,
        460.63,
        441.29,
        422.94
      ],
      [
        546.19,
        522.72,
        500.47,
        479.39,
        459.38
      ],
      [
        592.96,
        567.4,
        543.19,
        520.23,
        498.46
      ],
      [
        643.05,
        615.26,
        588.93,
        563.97,
        540.29
      ],
      [
        696.64,
        666.45,
        637.86,
        610.75,
        585.05
      ]
    ],
    "base_row_idx": 2,
    "base_col_idx": 2
  },
  "monte_carlo": {
    "percentiles": {
      "P5": 422.84,
      "P10": 444.93,
      "P25": 489.59,
      "P50": 542.62,
      "P75": 598.22,
      "P90": 651.45,
      "P95": 684.49
    },
    "mean": 546.3,
    "median": 542.6,
    "std": 79.58,
    "prob_above_price": 1.0,
    "n_simulations": 10000
  }
}
